{"name":"Realizar una Carga Masiva Exitosa","id":"prueba-de-carga-masiva;realizar-una-carga-masiva-exitosa","testSteps":[{"number":1,"description":"Example: {tipoDeEntidad\u003d\"EF\", usuario\u003d\"operadorachaut@gmail.com\", clave\u003d\"ColombiaAch.2023*\", archivo\u003d\"0001101.002.1\"}","duration":189464,"startTime":"2023-11-08T18:38:04.883-05:00[America/Bogota]","exception":{"errorType":"org.openqa.selenium.NoSuchElementException","message":"no such element: Unable to locate element: {\"method\":\"xpath\",\"selector\":\"(//div[@class\u003d\u0027filelist-style cursorPointer\u0027])[2]//ul//li[text()\u003d\u00270001101.002.1 \u0027]\"}\n  (Session info: chrome\u003d119.0.6045.106)\nFor documentation on this error, please visit: https://www.seleniumhq.org/exceptions/no_such_element.html\nBuild info: version: \u00273.141.59\u0027, revision: \u0027e82be7d358\u0027, time: \u00272018-11-14T08:17:03\u0027\nSystem info: host: \u0027PE-HO-065\u0027, ip: \u0027192.168.100.105\u0027, os.name: \u0027Windows 11\u0027, os.arch: \u0027amd64\u0027, os.version: \u002710.0\u0027, java.version: \u00271.8.0_381\u0027\nDriver info: org.openqa.selenium.chrome.ChromeDriver\nCapabilities {acceptInsecureCerts: false, browserName: chrome, browserVersion: 119.0.6045.106, chrome: {chromedriverVersion: 119.0.6045.105 (38c72552c5e..., userDataDir: C:\\Users\\LEONAR~1\\AppData\\L...}, fedcm:accounts: true, goog:chromeOptions: {debuggerAddress: localhost:55288}, javascriptEnabled: true, networkConnectionEnabled: false, pageLoadStrategy: normal, platform: WINDOWS, platformName: WINDOWS, proxy: Proxy(), setWindowRect: true, strictFileInteractability: false, timeouts: {implicit: 0, pageLoad: 300000, script: 30000}, unhandledPromptBehavior: dismiss and notify, webauthn:extension:credBlob: true, webauthn:extension:largeBlob: true, webauthn:extension:minPinLength: true, webauthn:extension:prf: true, webauthn:virtualAuthenticators: true}\nSession ID: 43fea1f068799f4dff57f2cc67ae495e\n*** Element info: {Using\u003dxpath, value\u003d(//div[@class\u003d\u0027filelist-style cursorPointer\u0027])[2]//ul//li[text()\u003d\u00270001101.002.1 \u0027]}\nFor documentation on this error, please visit: https://www.seleniumhq.org/exceptions/no_such_element.html\nBuild info: version: \u00273.141.59\u0027, revision: \u0027e82be7d358\u0027, time: \u00272018-11-14T08:17:03\u0027\nSystem info: host: \u0027PE-HO-065\u0027, ip: \u0027192.168.100.105\u0027, os.name: \u0027Windows 11\u0027, os.arch: \u0027amd64\u0027, os.version: \u002710.0\u0027, java.version: \u00271.8.0_381\u0027\nDriver info: driver.version: unknown","stackTrace":[{"declaringClass":"com.integra.ach.steps.IntegraCargaMasivaStep","methodName":"validarEstadoExitosoDeUnArchivoCargado","fileName":"IntegraCargaMasivaStep.java","lineNumber":75},{"declaringClass":"com.integra.ach.stepDefinitions.CargaMasivaExitosoStepDefinition","methodName":"validoMensajeCargaExitosa","fileName":"CargaMasivaExitosoStepDefinition.java","lineNumber":49},{"declaringClass":"✽","methodName":"Valido carga masiva exitosa y estado de archivo exitoso \"0001101.002.1\"","fileName":"src/test/resources/com.integra.ach.features/CargaMasiva.feature","lineNumber":8}]},"result":"ERROR","precondition":false,"level":0,"children":[{"number":2,"description":"Given Login Exitoso \"EF\" \"operadorachaut@gmail.com\" \"ColombiaAch.2023*\"","duration":16884,"startTime":"2023-11-08T18:38:04.888-05:00[America/Bogota]","screenshots":[{"screenshot":"9ab6a5612f44cf5141b55f57ee3f9f8cd8c1f842f7acb88045491c192252b529.png","timeStamp":1699486701772}],"result":"SUCCESS","precondition":false,"level":1,"children":[{"number":3,"description":"Abrir web","duration":10785,"startTime":"2023-11-08T18:38:05.186-05:00[America/Bogota]","screenshots":[{"screenshot":"186ac43c91118bae26e78e027d46945a72c68a0b88411e7dbd2a23602a81b441.png","timeStamp":1699486695970}],"result":"SUCCESS","precondition":false,"level":2},{"number":4,"description":"Seleccionar tipo entidad: EF","duration":728,"startTime":"2023-11-08T18:38:15.979-05:00[America/Bogota]","screenshots":[{"screenshot":"186ac43c91118bae26e78e027d46945a72c68a0b88411e7dbd2a23602a81b441.png","timeStamp":1699486695993},{"screenshot":"5862c34b0e6884404c6fbf290d85f083251a77a23bf9353aa4c8f2df9523b486.png","timeStamp":1699486696707}],"result":"SUCCESS","precondition":false,"level":2},{"number":5,"description":"Click boton vamos","duration":396,"startTime":"2023-11-08T18:38:16.708-05:00[America/Bogota]","screenshots":[{"screenshot":"5862c34b0e6884404c6fbf290d85f083251a77a23bf9353aa4c8f2df9523b486.png","timeStamp":1699486696725},{"screenshot":"8536b73658af9196edb01b38797d0f75875b18b29da0b1c95cc32e26cd458570.png","timeStamp":1699486697104}],"result":"SUCCESS","precondition":false,"level":2},{"number":6,"description":"Escribir usuario y contrasena: operadorachaut@gmail.com, ColombiaAch.2023*","duration":1240,"startTime":"2023-11-08T18:38:17.106-05:00[America/Bogota]","screenshots":[{"screenshot":"8536b73658af9196edb01b38797d0f75875b18b29da0b1c95cc32e26cd458570.png","timeStamp":1699486697117},{"screenshot":"7082733684b7f9448de0b026ef234f96bf22677994260d75b3f688a683fff11e.png","timeStamp":1699486698346}],"result":"SUCCESS","precondition":false,"level":2},{"number":7,"description":"Click ingresar","duration":426,"startTime":"2023-11-08T18:38:18.347-05:00[America/Bogota]","screenshots":[{"screenshot":"7082733684b7f9448de0b026ef234f96bf22677994260d75b3f688a683fff11e.png","timeStamp":1699486698361},{"screenshot":"d0829bc7d32dcd04d4e86d09fbcacba2bb68fb7be04dd576c21f144ca19941ac.png","timeStamp":1699486698773}],"result":"SUCCESS","precondition":false,"level":2},{"number":8,"description":"Validar inicio de sesion","duration":2984,"startTime":"2023-11-08T18:38:18.774-05:00[America/Bogota]","screenshots":[{"screenshot":"d0829bc7d32dcd04d4e86d09fbcacba2bb68fb7be04dd576c21f144ca19941ac.png","timeStamp":1699486698783},{"screenshot":"9ab6a5612f44cf5141b55f57ee3f9f8cd8c1f842f7acb88045491c192252b529.png","timeStamp":1699486701757}],"result":"SUCCESS","precondition":false,"level":2}]},{"number":9,"description":"When Ingresar a carga masiva y realizo la carga masiva","duration":24671,"startTime":"2023-11-08T18:38:21.773-05:00[America/Bogota]","screenshots":[{"screenshot":"9ab6a5612f44cf5141b55f57ee3f9f8cd8c1f842f7acb88045491c192252b529.png","timeStamp":1699486701785},{"screenshot":"6ce97d0696576e227b2d77b346e6a6bbcb87235f0e9a80c4d0f55a414686e287.png","timeStamp":1699486726443}],"result":"SUCCESS","precondition":false,"level":1,"children":[{"number":10,"description":"Click modulo de ciclos","duration":3386,"startTime":"2023-11-08T18:38:21.786-05:00[America/Bogota]","screenshots":[{"screenshot":"9ab6a5612f44cf5141b55f57ee3f9f8cd8c1f842f7acb88045491c192252b529.png","timeStamp":1699486701803},{"screenshot":"6eff0cd9f79333684ef2e3c737c078773f6b047d77a589362eba64bc285d920a.png","timeStamp":1699486705172}],"result":"SUCCESS","precondition":false,"level":2},{"number":11,"description":"Click carga masiva","duration":3235,"startTime":"2023-11-08T18:38:25.174-05:00[America/Bogota]","screenshots":[{"screenshot":"6eff0cd9f79333684ef2e3c737c078773f6b047d77a589362eba64bc285d920a.png","timeStamp":1699486705182},{"screenshot":"678b89d6be5bfd87ca1ebd139557508b5922b3ddcdfd1812a505fc1ce548a39e.png","timeStamp":1699486708409}],"result":"SUCCESS","precondition":false,"level":2},{"number":12,"description":"Valida carga pagina carga masiva","duration":3331,"startTime":"2023-11-08T18:38:28.410-05:00[America/Bogota]","screenshots":[{"screenshot":"678b89d6be5bfd87ca1ebd139557508b5922b3ddcdfd1812a505fc1ce548a39e.png","timeStamp":1699486708420},{"screenshot":"9edd91cc765366df0ebe0823121280e42c9b45b755e98307872ce432e42c3958.png","timeStamp":1699486711741}],"result":"SUCCESS","precondition":false,"level":2},{"number":13,"description":"Click boton generar archivo control","duration":3429,"startTime":"2023-11-08T18:38:31.743-05:00[America/Bogota]","screenshots":[{"screenshot":"9edd91cc765366df0ebe0823121280e42c9b45b755e98307872ce432e42c3958.png","timeStamp":1699486711759},{"screenshot":"2d898554083d87dc959e6fa1604cabd6f6243e15d2cf5c7b655a6dcb02465dc5.png","timeStamp":1699486715172}],"result":"SUCCESS","precondition":false,"level":2},{"number":14,"description":"Validar archivo de control generado","duration":4635,"startTime":"2023-11-08T18:38:35.174-05:00[America/Bogota]","screenshots":[{"screenshot":"2d898554083d87dc959e6fa1604cabd6f6243e15d2cf5c7b655a6dcb02465dc5.png","timeStamp":1699486715185},{"screenshot":"f9a7b9ea192b5234bfb9b83b1177de0ac158c256aa935d557a9fc3a1019d4ae9.png","timeStamp":1699486719809}],"result":"SUCCESS","precondition":false,"level":2},{"number":15,"description":"Click boton cargue","duration":3332,"startTime":"2023-11-08T18:38:39.810-05:00[America/Bogota]","screenshots":[{"screenshot":"f9a7b9ea192b5234bfb9b83b1177de0ac158c256aa935d557a9fc3a1019d4ae9.png","timeStamp":1699486719821},{"screenshot":"54f884fef60a55b32d9c6611877b55ca0915c32150d2de45b909628dfdb2d32c.png","timeStamp":1699486723141}],"result":"SUCCESS","precondition":false,"level":2},{"number":16,"description":"Click boton si cargar","duration":3292,"startTime":"2023-11-08T18:38:43.142-05:00[America/Bogota]","screenshots":[{"screenshot":"54f884fef60a55b32d9c6611877b55ca0915c32150d2de45b909628dfdb2d32c.png","timeStamp":1699486723149},{"screenshot":"6ce97d0696576e227b2d77b346e6a6bbcb87235f0e9a80c4d0f55a414686e287.png","timeStamp":1699486726434}],"result":"SUCCESS","precondition":false,"level":2}]},{"number":17,"description":"Then Valido carga masiva exitosa y estado de archivo exitoso \"0001101.002.1\"","duration":147886,"startTime":"2023-11-08T18:38:46.444-05:00[America/Bogota]","screenshots":[{"screenshot":"6ce97d0696576e227b2d77b346e6a6bbcb87235f0e9a80c4d0f55a414686e287.png","timeStamp":1699486726454}],"exception":{"errorType":"org.openqa.selenium.NoSuchElementException","message":"no such element: Unable to locate element: {\"method\":\"xpath\",\"selector\":\"(//div[@class\u003d\u0027filelist-style cursorPointer\u0027])[2]//ul//li[text()\u003d\u00270001101.002.1 \u0027]\"}\n  (Session info: chrome\u003d119.0.6045.106)\nFor documentation on this error, please visit: https://www.seleniumhq.org/exceptions/no_such_element.html\nBuild info: version: \u00273.141.59\u0027, revision: \u0027e82be7d358\u0027, time: \u00272018-11-14T08:17:03\u0027\nSystem info: host: \u0027PE-HO-065\u0027, ip: \u0027192.168.100.105\u0027, os.name: \u0027Windows 11\u0027, os.arch: \u0027amd64\u0027, os.version: \u002710.0\u0027, java.version: \u00271.8.0_381\u0027\nDriver info: org.openqa.selenium.chrome.ChromeDriver\nCapabilities {acceptInsecureCerts: false, browserName: chrome, browserVersion: 119.0.6045.106, chrome: {chromedriverVersion: 119.0.6045.105 (38c72552c5e..., userDataDir: C:\\Users\\LEONAR~1\\AppData\\L...}, fedcm:accounts: true, goog:chromeOptions: {debuggerAddress: localhost:55288}, javascriptEnabled: true, networkConnectionEnabled: false, pageLoadStrategy: normal, platform: WINDOWS, platformName: WINDOWS, proxy: Proxy(), setWindowRect: true, strictFileInteractability: false, timeouts: {implicit: 0, pageLoad: 300000, script: 30000}, unhandledPromptBehavior: dismiss and notify, webauthn:extension:credBlob: true, webauthn:extension:largeBlob: true, webauthn:extension:minPinLength: true, webauthn:extension:prf: true, webauthn:virtualAuthenticators: true}\nSession ID: 43fea1f068799f4dff57f2cc67ae495e\n*** Element info: {Using\u003dxpath, value\u003d(//div[@class\u003d\u0027filelist-style cursorPointer\u0027])[2]//ul//li[text()\u003d\u00270001101.002.1 \u0027]}\nFor documentation on this error, please visit: https://www.seleniumhq.org/exceptions/no_such_element.html\nBuild info: version: \u00273.141.59\u0027, revision: \u0027e82be7d358\u0027, time: \u00272018-11-14T08:17:03\u0027\nSystem info: host: \u0027PE-HO-065\u0027, ip: \u0027192.168.100.105\u0027, os.name: \u0027Windows 11\u0027, os.arch: \u0027amd64\u0027, os.version: \u002710.0\u0027, java.version: \u00271.8.0_381\u0027\nDriver info: driver.version: unknown","stackTrace":[{"declaringClass":"com.integra.ach.steps.IntegraCargaMasivaStep","methodName":"validarEstadoExitosoDeUnArchivoCargado","fileName":"IntegraCargaMasivaStep.java","lineNumber":75},{"declaringClass":"com.integra.ach.stepDefinitions.CargaMasivaExitosoStepDefinition","methodName":"validoMensajeCargaExitosa","fileName":"CargaMasivaExitosoStepDefinition.java","lineNumber":49},{"declaringClass":"✽","methodName":"Valido carga masiva exitosa y estado de archivo exitoso \"0001101.002.1\"","fileName":"src/test/resources/com.integra.ach.features/CargaMasiva.feature","lineNumber":8}]},"result":"ERROR","precondition":false,"level":1,"children":[{"number":18,"description":"Validar carga masiva exitosa pull completed","duration":715,"startTime":"2023-11-08T18:38:46.455-05:00[America/Bogota]","screenshots":[{"screenshot":"6ce97d0696576e227b2d77b346e6a6bbcb87235f0e9a80c4d0f55a414686e287.png","timeStamp":1699486726464},{"screenshot":"c3afb9055041542bf23da92c415de9fd9c12a04cc231216e2f157010805006d0.png","timeStamp":1699486727170}],"result":"SUCCESS","precondition":false,"level":2},{"number":19,"description":"Click modulo de transferencias","duration":3304,"startTime":"2023-11-08T18:38:47.170-05:00[America/Bogota]","screenshots":[{"screenshot":"c3afb9055041542bf23da92c415de9fd9c12a04cc231216e2f157010805006d0.png","timeStamp":1699486727179},{"screenshot":"c015aef5359a69892ce715b7c24fdcc3dc42462d2a02eb211d9aefd38eb2c963.png","timeStamp":1699486730474}],"result":"SUCCESS","precondition":false,"level":2},{"number":20,"description":"Click c instrucciones recibidas","duration":123435,"startTime":"2023-11-08T18:38:50.475-05:00[America/Bogota]","screenshots":[{"screenshot":"c015aef5359a69892ce715b7c24fdcc3dc42462d2a02eb211d9aefd38eb2c963.png","timeStamp":1699486730485},{"screenshot":"b2fcedbcc60cf0082a52f038d52d4b7602e7882bc761b4b795bbf23c35611045.png","timeStamp":1699486853910}],"result":"SUCCESS","precondition":false,"level":2},{"number":21,"description":"Validar estado exitoso de un archivo cargado: 0001101.002.1","duration":20398,"startTime":"2023-11-08T18:40:53.911-05:00[America/Bogota]","screenshots":[{"screenshot":"b2fcedbcc60cf0082a52f038d52d4b7602e7882bc761b4b795bbf23c35611045.png","timeStamp":1699486853920},{"screenshot":"6980958ad6217b4c269630c3f63a78f8e5ad0f98089d2f071392513cad48791a.png","htmlSource":"pagesource4296060243476702672.html.txt","timeStamp":1699486874302}],"exception":{"errorType":"org.openqa.selenium.NoSuchElementException","message":"no such element: Unable to locate element: {\"method\":\"xpath\",\"selector\":\"(//div[@class\u003d\u0027filelist-style cursorPointer\u0027])[2]//ul//li[text()\u003d\u00270001101.002.1 \u0027]\"}\n  (Session info: chrome\u003d119.0.6045.106)\nFor documentation on this error, please visit: https://www.seleniumhq.org/exceptions/no_such_element.html\nBuild info: version: \u00273.141.59\u0027, revision: \u0027e82be7d358\u0027, time: \u00272018-11-14T08:17:03\u0027\nSystem info: host: \u0027PE-HO-065\u0027, ip: \u0027192.168.100.105\u0027, os.name: \u0027Windows 11\u0027, os.arch: \u0027amd64\u0027, os.version: \u002710.0\u0027, java.version: \u00271.8.0_381\u0027\nDriver info: org.openqa.selenium.chrome.ChromeDriver\nCapabilities {acceptInsecureCerts: false, browserName: chrome, browserVersion: 119.0.6045.106, chrome: {chromedriverVersion: 119.0.6045.105 (38c72552c5e..., userDataDir: C:\\Users\\LEONAR~1\\AppData\\L...}, fedcm:accounts: true, goog:chromeOptions: {debuggerAddress: localhost:55288}, javascriptEnabled: true, networkConnectionEnabled: false, pageLoadStrategy: normal, platform: WINDOWS, platformName: WINDOWS, proxy: Proxy(), setWindowRect: true, strictFileInteractability: false, timeouts: {implicit: 0, pageLoad: 300000, script: 30000}, unhandledPromptBehavior: dismiss and notify, webauthn:extension:credBlob: true, webauthn:extension:largeBlob: true, webauthn:extension:minPinLength: true, webauthn:extension:prf: true, webauthn:virtualAuthenticators: true}\nSession ID: 43fea1f068799f4dff57f2cc67ae495e\n*** Element info: {Using\u003dxpath, value\u003d(//div[@class\u003d\u0027filelist-style cursorPointer\u0027])[2]//ul//li[text()\u003d\u00270001101.002.1 \u0027]}","stackTrace":[{"declaringClass":"com.integra.ach.steps.IntegraCargaMasivaStep","methodName":"validarEstadoExitosoDeUnArchivoCargado","fileName":"IntegraCargaMasivaStep.java","lineNumber":75},{"declaringClass":"com.integra.ach.stepDefinitions.CargaMasivaExitosoStepDefinition","methodName":"validoMensajeCargaExitosa","fileName":"CargaMasivaExitosoStepDefinition.java","lineNumber":49},{"declaringClass":"cucumber.runner.Runner","methodName":"runPickle","fileName":"Runner.java","lineNumber":80},{"declaringClass":"com.integra.ach.runners.RunnerPersonalizado","methodName":"run","fileName":"RunnerPersonalizado.java","lineNumber":52},{"declaringClass":"worker.org.gradle.process.internal.worker.GradleWorkerMain","methodName":"run","fileName":"GradleWorkerMain.java","lineNumber":69},{"declaringClass":"worker.org.gradle.process.internal.worker.GradleWorkerMain","methodName":"main","fileName":"GradleWorkerMain.java","lineNumber":74}]},"result":"ERROR","precondition":false,"level":2}]}]}],"userStory":{"id":"prueba-de-carga-masiva","storyName":"Prueba de carga masiva","path":"src/test/resources/com.integra.ach.features/CargaMasiva.feature","type":"feature"},"featureTag":{"name":"Features/Prueba de carga masiva","type":"feature","displayName":"Features/Prueba de carga masiva"},"title":"Realizar una Carga Masiva Exitosa","tags":[{"name":"CargaMasiva","type":"tag","displayName":"CargaMasiva"},{"name":"CargaMasivaExitosa","type":"tag","displayName":"CargaMasivaExitosa"}],"startTime":"2023-11-08T18:38:04.814-05:00[America/Bogota]","duration":190340,"testFailureCause":{"errorType":"org.openqa.selenium.NoSuchElementException","message":"no such element: Unable to locate element: {\"method\":\"xpath\",\"selector\":\"(//div[@class\u003d\u0027filelist-style cursorPointer\u0027])[2]//ul//li[text()\u003d\u00270001101.002.1 \u0027]\"}\n  (Session info: chrome\u003d119.0.6045.106)\nFor documentation on this error, please visit: https://www.seleniumhq.org/exceptions/no_such_element.html\nBuild info: version: \u00273.141.59\u0027, revision: \u0027e82be7d358\u0027, time: \u00272018-11-14T08:17:03\u0027\nSystem info: host: \u0027PE-HO-065\u0027, ip: \u0027192.168.100.105\u0027, os.name: \u0027Windows 11\u0027, os.arch: \u0027amd64\u0027, os.version: \u002710.0\u0027, java.version: \u00271.8.0_381\u0027\nDriver info: org.openqa.selenium.chrome.ChromeDriver\nCapabilities {acceptInsecureCerts: false, browserName: chrome, browserVersion: 119.0.6045.106, chrome: {chromedriverVersion: 119.0.6045.105 (38c72552c5e..., userDataDir: C:\\Users\\LEONAR~1\\AppData\\L...}, fedcm:accounts: true, goog:chromeOptions: {debuggerAddress: localhost:55288}, javascriptEnabled: true, networkConnectionEnabled: false, pageLoadStrategy: normal, platform: WINDOWS, platformName: WINDOWS, proxy: Proxy(), setWindowRect: true, strictFileInteractability: false, timeouts: {implicit: 0, pageLoad: 300000, script: 30000}, unhandledPromptBehavior: dismiss and notify, webauthn:extension:credBlob: true, webauthn:extension:largeBlob: true, webauthn:extension:minPinLength: true, webauthn:extension:prf: true, webauthn:virtualAuthenticators: true}\nSession ID: 43fea1f068799f4dff57f2cc67ae495e\n*** Element info: {Using\u003dxpath, value\u003d(//div[@class\u003d\u0027filelist-style cursorPointer\u0027])[2]//ul//li[text()\u003d\u00270001101.002.1 \u0027]}","stackTrace":[{"declaringClass":"com.integra.ach.steps.IntegraCargaMasivaStep","methodName":"validarEstadoExitosoDeUnArchivoCargado","fileName":"IntegraCargaMasivaStep.java","lineNumber":75},{"declaringClass":"com.integra.ach.stepDefinitions.CargaMasivaExitosoStepDefinition","methodName":"validoMensajeCargaExitosa","fileName":"CargaMasivaExitosoStepDefinition.java","lineNumber":49},{"declaringClass":"cucumber.runner.Runner","methodName":"runPickle","fileName":"Runner.java","lineNumber":80},{"declaringClass":"com.integra.ach.runners.RunnerPersonalizado","methodName":"run","fileName":"RunnerPersonalizado.java","lineNumber":52},{"declaringClass":"worker.org.gradle.process.internal.worker.GradleWorkerMain","methodName":"run","fileName":"GradleWorkerMain.java","lineNumber":69},{"declaringClass":"worker.org.gradle.process.internal.worker.GradleWorkerMain","methodName":"main","fileName":"GradleWorkerMain.java","lineNumber":74}]},"testFailureClassname":"org.openqa.selenium.NoSuchElementException","testFailureMessage":"no such element: Unable to locate element: {\"method\":\"xpath\",\"selector\":\"(//div[@class\u003d\u0027filelist-style cursorPointer\u0027])[2]//ul//li[text()\u003d\u00270001101.002.1 \u0027]\"}\n  (Session info: chrome\u003d119.0.6045.106)\nFor documentation on this error, please visit: https://www.seleniumhq.org/exceptions/no_such_element.html\nBuild info: version: \u00273.141.59\u0027, revision: \u0027e82be7d358\u0027, time: \u00272018-11-14T08:17:03\u0027\nSystem info: host: \u0027PE-HO-065\u0027, ip: \u0027192.168.100.105\u0027, os.name: \u0027Windows 11\u0027, os.arch: \u0027amd64\u0027, os.version: \u002710.0\u0027, java.version: \u00271.8.0_381\u0027\nDriver info: org.openqa.selenium.chrome.ChromeDriver\nCapabilities {acceptInsecureCerts: false, browserName: chrome, browserVersion: 119.0.6045.106, chrome: {chromedriverVersion: 119.0.6045.105 (38c72552c5e..., userDataDir: C:\\Users\\LEONAR~1\\AppData\\L...}, fedcm:accounts: true, goog:chromeOptions: {debuggerAddress: localhost:55288}, javascriptEnabled: true, networkConnectionEnabled: false, pageLoadStrategy: normal, platform: WINDOWS, platformName: WINDOWS, proxy: Proxy(), setWindowRect: true, strictFileInteractability: false, timeouts: {implicit: 0, pageLoad: 300000, script: 30000}, unhandledPromptBehavior: dismiss and notify, webauthn:extension:credBlob: true, webauthn:extension:largeBlob: true, webauthn:extension:minPinLength: true, webauthn:extension:prf: true, webauthn:virtualAuthenticators: true}\nSession ID: 43fea1f068799f4dff57f2cc67ae495e\n*** Element info: {Using\u003dxpath, value\u003d(//div[@class\u003d\u0027filelist-style cursorPointer\u0027])[2]//ul//li[text()\u003d\u00270001101.002.1 \u0027]}","testFailureSummary":"ERROR;org.openqa.selenium.NoSuchElementException;no such element: Unable to locate element: {\"method\":\"xpath\",\"selector\":\"(//div[@class\u003d\u0027filelist-style cursorPointer\u0027])[2]//ul//li[text()\u003d\u00270001101.002.1 \u0027]\"}\n  (Session info: chrome\u003d119.0.6045.106)\nFor documentation on this error, please visit: https://www.seleniumhq.org/exceptions/no_such_element.html\nBuild info: version: \u00273.141.59\u0027, revision: \u0027e82be7d358\u0027, time: \u00272018-11-14T08:17:03\u0027\nSystem info: host: \u0027PE-HO-065\u0027, ip: \u0027192.168.100.105\u0027, os.name: \u0027Windows 11\u0027, os.arch: \u0027amd64\u0027, os.version: \u002710.0\u0027, java.version: \u00271.8.0_381\u0027\nDriver info: org.openqa.selenium.chrome.ChromeDriver\nCapabilities {acceptInsecureCerts: false, browserName: chrome, browserVersion: 119.0.6045.106, chrome: {chromedriverVersion: 119.0.6045.105 (38c72552c5e..., userDataDir: C:\\Users\\LEONAR~1\\AppData\\L...}, fedcm:accounts: true, goog:chromeOptions: {debuggerAddress: localhost:55288}, javascriptEnabled: true, networkConnectionEnabled: false, pageLoadStrategy: normal, platform: WINDOWS, platformName: WINDOWS, proxy: Proxy(), setWindowRect: true, strictFileInteractability: false, timeouts: {implicit: 0, pageLoad: 300000, script: 30000}, unhandledPromptBehavior: dismiss and notify, webauthn:extension:credBlob: true, webauthn:extension:largeBlob: true, webauthn:extension:minPinLength: true, webauthn:extension:prf: true, webauthn:virtualAuthenticators: true}\nSession ID: 43fea1f068799f4dff57f2cc67ae495e\n*** Element info: {Using\u003dxpath, value\u003d(//div[@class\u003d\u0027filelist-style cursorPointer\u0027])[2]//ul//li[text()\u003d\u00270001101.002.1 \u0027]};IntegraCargaMasivaStep.java","projectKey":"","annotatedResult":"ERROR","isManualTestingUpToDate":false,"dataTable":{"headers":["tipoDeEntidad","usuario","clave","archivo"],"rows":[{"values":["\"EF\"","\"operadorachaut@gmail.com\"","\"ColombiaAch.2023*\"","\"0001101.002.1\""],"result":"ERROR"}],"predefinedRows":true,"scenarioOutline":"Given Login Exitoso \u003ctipoDeEntidad\u003e \u003cusuario\u003e \u003cclave\u003e\n\rWhen Ingresar a carga masiva y realizo la carga masiva\n\rThen Valido carga masiva exitosa y estado de archivo exitoso \u003carchivo\u003e\n\r","dataSetDescriptors":[{"startRow":0,"rowCount":0,"name":""}]},"manual":false,"testSource":"Cucumber","result":"ERROR","scenarioOutline":"Given Login Exitoso \u003ctipoDeEntidad\u003e \u003cusuario\u003e \u003cclave\u003e\r\nWhen Ingresar a carga masiva y realizo la carga masiva\r\nThen Valido carga masiva exitosa y estado de archivo exitoso \u003carchivo\u003e"}